docId,oldValue,newValue,pathKey
apotema-e-numero-fisso,https://theoremz.com/images/ap-triangolo.webp,https://theoremz.com/images/apotema-e-numero-fisso-1.webp,content[6].url
apotema-e-numero-fisso,https://theoremz.com/images/ap-quadrato.webp,https://theoremz.com/images/apotema-e-numero-fisso-2.webp,content[7].url
apotema-e-numero-fisso,https://theoremz.com/images/ap-pent.webp,https://theoremz.com/images/apotema-e-numero-fisso-3.webp,content[8].url
apotema-e-numero-fisso,https://theoremz.com/images/ap-esa.webp,https://theoremz.com/images/apotema-e-numero-fisso-4.webp,content[9].url
archi-associati,https://theoremz.com/images/32.svg,https://theoremz.com/images/archi-associati-1.svg,content[26].url
archi-associati,https://theoremz.com/images/33.svg,https://theoremz.com/images/archi-associati-2.svg,content[42].url
archi-associati,https://theoremz.com/images/34.svg,https://theoremz.com/images/archi-associati-3.svg,content[60].url
b52493f6-859c-4390-8aae-e9bc3c4a983c,https://theoremz.com/images/2711.svg,https://theoremz.com/images/baricentro-di-un-triangolo-1.svg,content[5].url
b52493f6-859c-4390-8aae-e9bc3c4a983c,https://theoremz.com/images/2712.svg,https://theoremz.com/images/baricentro-di-un-triangolo-2.svg,content[8].url
campo-elettrico,https://theoremz.com/images/ce1.webp,https://theoremz.com/images/campo-elettrico-1.webp,content[5].url
campo-elettrico,https://theoremz.com/images/ce2.webp,https://theoremz.com/images/campo-elettrico-2.webp,content[8].url
campo-elettrico,https://theoremz.com/images/ce3.webp,https://theoremz.com/images/campo-elettrico-3.webp,content[28].url
campo-elettrico,https://theoremz.com/images/ce4.webp,https://theoremz.com/images/campo-elettrico-4.webp,content[30].url
campo-elettrico,https://theoremz.com/images/ce5.webp,https://theoremz.com/images/campo-elettrico-5.webp,content[50].url
campo-elettrico,https://theoremz.com/images/ce6.webp,https://theoremz.com/images/campo-elettrico-6.webp,content[52].url
campo-elettrico,https://theoremz.com/images/ce7.webp,https://theoremz.com/images/campo-elettrico-7.webp,content[56].url
campo-elettrico,https://theoremz.com/images/ce8.webp,https://theoremz.com/images/campo-elettrico-8.webp,content[60].url
campo-elettrico,https://theoremz.com/images/ce9.webp,https://theoremz.com/images/campo-elettrico-9.webp,content[70].url
campo-elettrico,https://theoremz.com/images/ce10.webp,https://theoremz.com/images/campo-elettrico-10.webp,content[75].url
campo-elettrico,https://theoremz.com/images/ce11.webp,https://theoremz.com/images/campo-elettrico-11.webp,content[87].url
campo-elettrico,https://theoremz.com/images/ce12.webp,https://theoremz.com/images/campo-elettrico-12.webp,content[105].url
campo-elettrico,https://theoremz.com/images/ce13.webp,https://theoremz.com/images/campo-elettrico-13.webp,content[107].url
campo-elettrico,https://theoremz.com/images/ce14.webp,https://theoremz.com/images/campo-elettrico-14.webp,content[109].url
cariche-elettriche,https://theoremz.com/images/1021.webp,https://theoremz.com/images/cariche-elettriche-1.webp,content[27].url
cariche-elettriche,https://theoremz.com/images/1022.webp,https://theoremz.com/images/cariche-elettriche-2.webp,content[36].url
cariche-elettriche,https://theoremz.com/images/1023.webp,https://theoremz.com/images/cariche-elettriche-3.webp,content[50].url
cariche-elettriche,https://theoremz.com/images/1024.webp,https://theoremz.com/images/cariche-elettriche-4.webp,content[51].url
cariche-elettriche,https://theoremz.com/images/1025.webp,https://theoremz.com/images/cariche-elettriche-5.webp,content[73].url
cariche-elettriche,https://theoremz.com/images/1026.webp,https://theoremz.com/images/cariche-elettriche-6.webp,content[75].url
cariche-elettriche,https://theoremz.com/images/10210.webp,https://theoremz.com/images/cariche-elettriche-7.webp,content[77].url
cariche-elettriche,https://theoremz.com/images/1027.webp,https://theoremz.com/images/cariche-elettriche-8.webp,content[81].url
cariche-elettriche,https://theoremz.com/images/1028.webp,https://theoremz.com/images/cariche-elettriche-9.webp,content[83].url
cariche-elettriche,https://theoremz.com/images/1029.webp,https://theoremz.com/images/cariche-elettriche-10.webp,content[85].url
cariche-elettriche,https://theoremz.com/images/10211.webp,https://theoremz.com/images/cariche-elettriche-11.webp,content[100].url
cerchio,https://theoremz.com/images/cerchio1.webp,https://theoremz.com/images/cerchio-1.webp,content[9].url
cerchio,https://theoremz.com/images/cerchio12.webp,https://theoremz.com/images/cerchio-2.webp,content[13].url
cerchio,https://theoremz.com/images/cerchio13.webp,https://theoremz.com/images/cerchio-3.webp,content[46].url
cerchio,https://theoremz.com/images/cerchio26.webp,https://theoremz.com/images/cerchio-4.webp,content[48].url
cerchio,https://theoremz.com/images/cerchio14.webp,https://theoremz.com/images/cerchio-5.webp,content[50].url
cerchio,https://theoremz.com/images/cerchio3.webp,https://theoremz.com/images/cerchio-6.webp,content[52].url
cerchio,https://theoremz.com/images/cerchio4.webp,https://theoremz.com/images/cerchio-7.webp,content[54].url
cerchio,https://theoremz.com/images/cerchio25.webp,https://theoremz.com/images/cerchio-8.webp,content[56].url
cerchio,https://theoremz.com/images/cerchio5.webp,https://theoremz.com/images/cerchio-9.webp,content[65].url
cerchio,https://theoremz.com/images/cerchio6.webp,https://theoremz.com/images/cerchio-10.webp,content[69].url
cerchio,https://theoremz.com/images/242.svg,https://theoremz.com/images/cerchio-11.svg,content[75].url
cerchio,https://theoremz.com/images/cerchio10.webp,https://theoremz.com/images/cerchio-12.webp,content[77].url
cerchio,https://theoremz.com/images/cerchio7.webp,https://theoremz.com/images/cerchio-13.webp,content[96].url
cerchio,https://theoremz.com/images/cerchio8.webp,https://theoremz.com/images/cerchio-14.webp,content[98].url
cerchio,https://theoremz.com/images/cerchio9.webp,https://theoremz.com/images/cerchio-15.webp,content[100].url
cerchio,https://theoremz.com/images/241.svg,https://theoremz.com/images/cerchio-16.svg,content[105].url
cerchio,https://theoremz.com/images/243.svg,https://theoremz.com/images/cerchio-17.svg,content[111].url
cerchio,https://theoremz.com/images/cerchio16.webp,https://theoremz.com/images/cerchio-18.webp,content[115].url
cerchio,https://theoremz.com/images/244.svg,https://theoremz.com/images/cerchio-19.svg,content[121].url
cerchio,https://theoremz.com/images/cerchio18.webp,https://theoremz.com/images/cerchio-20.webp,content[125].url
cerchio,https://theoremz.com/images/cerchio19.webp,https://theoremz.com/images/cerchio-21.webp,content[139].url
cerchio,https://theoremz.com/images/cerchio20.webp,https://theoremz.com/images/cerchio-22.webp,content[143].url
cerchio,https://theoremz.com/images/cerchio21.webp,https://theoremz.com/images/cerchio-23.webp,content[145].url
cerchio,https://theoremz.com/images/cerchio22.webp,https://theoremz.com/images/cerchio-24.webp,content[147].url
cerchio,https://theoremz.com/images/cerchio23.webp,https://theoremz.com/images/cerchio-25.webp,content[165].url
cerchio,https://theoremz.com/images/cerchio24.webp,https://theoremz.com/images/cerchio-26.webp,content[171].url
ciclo-di-carnot,https://theoremz.com/images/cc1.webp,https://theoremz.com/images/ciclo-di-carnot-1.webp,content[8].url
ciclo-di-carnot,https://theoremz.com/images/cc2.webp,https://theoremz.com/images/ciclo-di-carnot-2.webp,content[25].url
ciclo-di-carnot,https://theoremz.com/images/cc3.webp,https://theoremz.com/images/ciclo-di-carnot-3.webp,content[40].url
ciclo-di-carnot,https://theoremz.com/images/cc4.webp,https://theoremz.com/images/ciclo-di-carnot-4.webp,content[42].url
cf1d7c52-f2c0-4be0-b688-7161dcab381e,https://theoremz.com/images/27111.svg,https://theoremz.com/images/circocentro-di-un-triangolo-1.svg,content[4].url
cf1d7c52-f2c0-4be0-b688-7161dcab381e,https://theoremz.com/images/27110.svg,https://theoremz.com/images/circocentro-di-un-triangolo-2.svg,content[8].url
circonferenza,https://theoremz.com/images/circonferenza.webp,https://theoremz.com/images/circonferenza-1.webp,content[3].url
circonferenza,https://theoremz.com/images/circonferenza2.webp,https://theoremz.com/images/circonferenza-2.webp,content[88].url
circuiti-elettrici,https://theoremz.com/images/circuiti_elettrici_1.webp,https://theoremz.com/images/circuiti-elettrici-1.webp,content[5].url
circuiti-elettrici,https://theoremz.com/images/circuiti_elettrici_2.webp,https://theoremz.com/images/circuiti-elettrici-2.webp,content[19].url
circuiti-elettrici,https://theoremz.com/images/circuiti_elettrici_3.webp,https://theoremz.com/images/circuiti-elettrici-3.webp,content[25].url
circuiti-elettrici,https://theoremz.com/images/circuiti_elettrici_4.webp,https://theoremz.com/images/circuiti-elettrici-4.webp,content[27].url
circuiti-elettrici,https://theoremz.com/images/circuiti_elettrici_5.webp,https://theoremz.com/images/circuiti-elettrici-5.webp,content[29].url
circuiti-elettrici,https://theoremz.com/images/circuiti_elettrici_6.webp,https://theoremz.com/images/circuiti-elettrici-6.webp,content[31].url
circuiti-elettrici,https://theoremz.com/images/circuiti_elettrici_7.webp,https://theoremz.com/images/circuiti-elettrici-7.webp,content[37].url
circuiti-elettrici,https://theoremz.com/images/circuiti_elettrici_8.webp,https://theoremz.com/images/circuiti-elettrici-8.webp,content[41].url
circuiti-elettrici,https://theoremz.com/images/circuiti_elettrici_9.webp,https://theoremz.com/images/circuiti-elettrici-9.webp,content[43].url
circuiti-elettrici,https://theoremz.com/images/circuiti_elettrici_10.webp,https://theoremz.com/images/circuiti-elettrici-10.webp,content[45].url
circuiti-elettrici,https://theoremz.com/images/cce1.webp,https://theoremz.com/images/circuiti-elettrici-11.webp,content[49].url
circuiti-elettrici,https://theoremz.com/images/cce2.webp,https://theoremz.com/images/circuiti-elettrici-12.webp,content[53].url
circuiti-elettrici,https://theoremz.com/images/cce3.webp,https://theoremz.com/images/circuiti-elettrici-13.webp,content[55].url
circuiti-elettrici,https://theoremz.com/images/cce4.webp,https://theoremz.com/images/circuiti-elettrici-14.webp,content[64].url
circuiti-elettrici,https://theoremz.com/images/cc5.webp,https://theoremz.com/images/circuiti-elettrici-15.webp,content[68].url
corrente-elettrica,https://theoremz.com/images/coe1.webp,https://theoremz.com/images/corrente-elettrica-1.webp,content[5].url
corrente-elettrica,https://theoremz.com/images/coe2.webp,https://theoremz.com/images/corrente-elettrica-2.webp,content[45].url
3def6761-3bc9-49b2-8394-67881c985070,https://theoremz.com/images/so1.svg,https://theoremz.com/images/cubo-1.svg,content[3].url
derivate,https://theoremz.com/images/new1.svg,https://theoremz.com/images/derivate-1.svg,content[5].url
derivate,https://theoremz.com/images/new2.svg,https://theoremz.com/images/derivate-2.svg,content[15].url
derivate,https://theoremz.com/images/deri1.webp,https://theoremz.com/images/derivate-3.webp,content[27].url
derivate,https://theoremz.com/images/new13.svg,https://theoremz.com/images/derivate-4.svg,content[51].url
derivate,https://theoremz.com/images/deri2.webp,https://theoremz.com/images/derivate-5.webp,content[153].url
disequazioni-di-2-grado,https://theoremz.com/images/2solcoi.webp,https://theoremz.com/images/disequazioni-di-secondo-grado-1.webp,content[47].url
disequazioni-di-2-grado,https://theoremz.com/images/0sol.webp,https://theoremz.com/images/disequazioni-di-secondo-grado-2.webp,content[51].url
disequazioni-di-2-grado,https://theoremz.com/images/concavitabasso.webp,https://theoremz.com/images/disequazioni-di-secondo-grado-3.webp,content[65].url
disequazioni-di-2-grado,https://theoremz.com/images/smile.webp,https://theoremz.com/images/disequazioni-di-secondo-grado-4.webp,content[69].url
disequazioni-di-2-grado,https://theoremz.com/images/intersezioni.webp,https://theoremz.com/images/disequazioni-di-secondo-grado-5.webp,content[80].url
disequazioni-di-2-grado,https://theoremz.com/images/soluzioni.webp,https://theoremz.com/images/disequazioni-di-secondo-grado-6.webp,content[84].url
disequazioni-di-2-grado,https://theoremz.com/images/dsg1.webp,https://theoremz.com/images/disequazioni-di-secondo-grado-7.webp,content[113].url
disequazioni-di-2-grado,https://theoremz.com/images/graficodiseq.webp,https://theoremz.com/images/disequazioni-di-secondo-grado-8.webp,content[130].url
disequazioni-esponenziali,https://theoremz.com/images/dis1.webp,https://theoremz.com/images/disequazioni-esponenziali-1.webp,content[25].url
disequazioni-esponenziali,https://theoremz.com/images/dis2.webp,https://theoremz.com/images/disequazioni-esponenziali-2.webp,content[60].url
disequazioni-fratte,https://theoremz.com/images/graficodis.webp,https://theoremz.com/images/disequazioni-fratte-1.webp,content[57].url
disequazioni-fratte,https://theoremz.com/images/graaficodis2.webp,https://theoremz.com/images/disequazioni-fratte-2.webp,content[71].url
disequazioni-goniometriche,https://theoremz.com/images/dg1.svg,https://theoremz.com/images/disequazioni-goniometriche-1.svg,content[41].url
disequazioni-goniometriche,https://theoremz.com/images/dg2.svg,https://theoremz.com/images/disequazioni-goniometriche-2.svg,content[44].url
disequazioni-lineari-a-due-incognite,https://theoremz.com/images/dldi1.webp,https://theoremz.com/images/disequazioni-lineari-a-due-incognite-1.webp,content[32].url
disequazioni-lineari-a-due-incognite,https://theoremz.com/images/dldi2.webp,https://theoremz.com/images/disequazioni-lineari-a-due-incognite-2.webp,content[45].url
disequazioni-lineari-a-due-incognite,https://theoremz.com/images/dldi3.webp,https://theoremz.com/images/disequazioni-lineari-a-due-incognite-3.webp,content[49].url
disequazioni-lineari-a-due-incognite,https://theoremz.com/images/dldi4.webp,https://theoremz.com/images/disequazioni-lineari-a-due-incognite-4.webp,content[51].url
divisione-tra-polinomi,https://theoremz.com/images/divisione3.webp,https://theoremz.com/images/divisione-tra-polinomi-1.webp,content[27].url
divisione-tra-polinomi,https://theoremz.com/images/divisione4.webp,https://theoremz.com/images/divisione-tra-polinomi-2.webp,content[31].url
divisione-tra-polinomi,https://theoremz.com/images/divisione2.webp,https://theoremz.com/images/divisione-tra-polinomi-3.webp,content[35].url
divisione-tra-polinomi,https://theoremz.com/images/divisione1.webp,https://theoremz.com/images/divisione-tra-polinomi-4.webp,content[39].url
divisione-tra-polinomi,https://theoremz.com/images/divisione.webp,https://theoremz.com/images/divisione-tra-polinomi-5.webp,content[43].url
divisori-e-multipli-di-un-numero,https://theoremz.com/images/dem1.webp,https://theoremz.com/images/divisori-e-multipli-di-un-numero-1.webp,content[21].url
divisori-e-multipli-di-un-numero,https://theoremz.com/images/dem2.webp,https://theoremz.com/images/divisori-e-multipli-di-un-numero-2.webp,content[23].url
divisori-e-multipli-di-un-numero,https://theoremz.com/images/dem3.webp,https://theoremz.com/images/divisori-e-multipli-di-un-numero-3.webp,content[25].url
divisori-e-multipli-di-un-numero,https://theoremz.com/images/dem4.webp,https://theoremz.com/images/divisori-e-multipli-di-un-numero-4.webp,content[65].url
drafts.ellisse,https://theoremz.com/images/elli1.webp,https://theoremz.com/images/ellisse-1.webp,content[5].url
drafts.ellisse,https://theoremz.com/images/elli2.webp,https://theoremz.com/images/ellisse-2.webp,content[13].url
drafts.ellisse,https://theoremz.com/images/elli3.webp,https://theoremz.com/images/ellisse-3.webp,content[24].url
drafts.ellisse,https://theoremz.com/images/elli4.webp,https://theoremz.com/images/ellisse-4.webp,content[57].url
drafts.ellisse,https://theoremz.com/images/elli5.webp,https://theoremz.com/images/ellisse-5.webp,content[59].url
drafts.ellisse,https://theoremz.com/images/elli6.webp,https://theoremz.com/images/ellisse-6.webp,content[61].url
drafts.ellisse,https://theoremz.com/images/elli7.webp,https://theoremz.com/images/ellisse-7.webp,content[63].url
drafts.ellisse,https://theoremz.com/images/elli8.webp,https://theoremz.com/images/ellisse-8.webp,content[67].url
drafts.ellisse,https://theoremz.com/images/elli9.webp,https://theoremz.com/images/ellisse-9.webp,content[73].url
drafts.ellisse,https://theoremz.com/images/elli10.webp,https://theoremz.com/images/ellisse-10.webp,content[91].url
drafts.ellisse,https://theoremz.com/images/elli11.webp,https://theoremz.com/images/ellisse-11.webp,content[113].url
drafts.ellisse,https://theoremz.com/images/elli12.webp,https://theoremz.com/images/ellisse-12.webp,content[115].url
drafts.ellisse,https://theoremz.com/images/elli13.webp,https://theoremz.com/images/ellisse-13.webp,content[126].url
drafts.ellisse,https://theoremz.com/images/elli14.webp,https://theoremz.com/images/ellisse-14.webp,content[138].url
drafts.ellisse,https://theoremz.com/images/elli15.webp,https://theoremz.com/images/ellisse-15.webp,content[143].url
energia-potenziale-elettrica,https://theoremz.com/images/ee9.webp,https://theoremz.com/images/energia-potenziale-elettrica-1.webp,content[7].url
energia-potenziale-elettrica,https://theoremz.com/images/ee1.webp,https://theoremz.com/images/energia-potenziale-elettrica-2.webp,content[20].url
energia-potenziale-elettrica,https://theoremz.com/images/ee2.webp,https://theoremz.com/images/energia-potenziale-elettrica-3.webp,content[22].url
energia-potenziale-elettrica,https://theoremz.com/images/ee3.webp,https://theoremz.com/images/energia-potenziale-elettrica-4.webp,content[26].url
energia-potenziale-elettrica,https://theoremz.com/images/ee4.webp,https://theoremz.com/images/energia-potenziale-elettrica-5.webp,content[28].url
energia-potenziale-elettrica,https://theoremz.com/images/ee5.webp,https://theoremz.com/images/energia-potenziale-elettrica-6.webp,content[69].url
energia-potenziale-elettrica,https://theoremz.com/images/ee6.webp,https://theoremz.com/images/energia-potenziale-elettrica-7.webp,content[73].url
energia-potenziale-elettrica,https://theoremz.com/images/ee7.webp,https://theoremz.com/images/energia-potenziale-elettrica-8.webp,content[77].url
energia-potenziale-elettrica,https://theoremz.com/images/ee8.webp,https://theoremz.com/images/energia-potenziale-elettrica-9.webp,content[79].url
energia-potenziale-elettrica,https://theoremz.com/images/ee10.webp,https://theoremz.com/images/energia-potenziale-elettrica-10.webp,content[124].url
energia-potenziale-elettrica,https://theoremz.com/images/ee11.webp,https://theoremz.com/images/energia-potenziale-elettrica-11.webp,content[128].url
enti-geometrici-fondamentali,https://theoremz.com/images/punto.webp,https://theoremz.com/images/enti-geometrici-fondamentali-1.webp,content[7].url
enti-geometrici-fondamentali,https://theoremz.com/images/egf1.webp,https://theoremz.com/images/enti-geometrici-fondamentali-2.webp,content[14].url
enti-geometrici-fondamentali,https://theoremz.com/images/egf2.webp,https://theoremz.com/images/enti-geometrici-fondamentali-3.webp,content[21].url
enti-geometrici-fondamentali,https://theoremz.com/images/1.webp,https://theoremz.com/images/enti-geometrici-fondamentali-4.webp,content[27].url
enti-geometrici-fondamentali,https://theoremz.com/images/2.webp,https://theoremz.com/images/enti-geometrici-fondamentali-5.webp,content[29].url
enti-geometrici-fondamentali,https://theoremz.com/images/3.webp,https://theoremz.com/images/enti-geometrici-fondamentali-6.webp,content[31].url
enti-geometrici-fondamentali,https://theoremz.com/images/4.webp,https://theoremz.com/images/enti-geometrici-fondamentali-7.webp,content[33].url
enti-geometrici-fondamentali,https://theoremz.com/images/5.webp,https://theoremz.com/images/enti-geometrici-fondamentali-8.webp,content[35].url
enti-geometrici-fondamentali,https://theoremz.com/images/6.webp,https://theoremz.com/images/enti-geometrici-fondamentali-9.webp,content[37].url
enti-geometrici-fondamentali,https://theoremz.com/images/7.webp,https://theoremz.com/images/enti-geometrici-fondamentali-10.webp,content[39].url
enti-geometrici-fondamentali,https://theoremz.com/images/8.webp,https://theoremz.com/images/enti-geometrici-fondamentali-11.webp,content[41].url
enti-geometrici-fondamentali,https://theoremz.com/images/retta.webp,https://theoremz.com/images/enti-geometrici-fondamentali-12.webp,content[44].url
enti-geometrici-fondamentali,https://theoremz.com/images/piano.webp,https://theoremz.com/images/enti-geometrici-fondamentali-13.webp,content[46].url
equazioni-goniometriche,https://theoremz.com/images/eg1.svg,https://theoremz.com/images/equazioni-goniometriche-1.svg,content[35].url
equazioni-goniometriche,https://theoremz.com/images/eg2.svg,https://theoremz.com/images/equazioni-goniometriche-2.svg,content[41].url
equazioni-goniometriche,https://theoremz.com/images/eg3.svg,https://theoremz.com/images/equazioni-goniometriche-3.svg,content[55].url
equazioni-goniometriche,https://theoremz.com/images/eg4.svg,https://theoremz.com/images/equazioni-goniometriche-4.svg,content[61].url
equazioni-in-c,https://theoremz.com/images/c1.webp,https://theoremz.com/images/equazioni-in-c-1.webp,content[120].url
equazioni-in-c,https://theoremz.com/images/c2.webp,https://theoremz.com/images/equazioni-in-c-2.webp,content[188].url
equilibrio,https://theoremz.com/images/eq_1.webp,https://theoremz.com/images/equilibrio-1.webp,content[29].url
equilibrio,https://theoremz.com/images/eq_2.webp,https://theoremz.com/images/equilibrio-2.webp,content[31].url
equilibrio,https://theoremz.com/images/eq_3.webp,https://theoremz.com/images/equilibrio-3.webp,content[33].url
equilibrio,https://theoremz.com/images/eq_4.webp,https://theoremz.com/images/equilibrio-4.webp,content[36].url
equilibrio,https://theoremz.com/images/eq_5.webp,https://theoremz.com/images/equilibrio-5.webp,content[53].url
equilibrio,https://theoremz.com/images/eq_6.webp,https://theoremz.com/images/equilibrio-6.webp,content[55].url
equilibrio,https://theoremz.com/images/eq_7.webp,https://theoremz.com/images/equilibrio-7.webp,content[59].url
equilibrio,https://theoremz.com/images/eq_8.webp,https://theoremz.com/images/equilibrio-8.webp,content[65].url
83bb23d8-f173-4664-8061-5fc4be3be03b,https://theoremz.com/images/2715.svg,https://theoremz.com/images/excentro-di-un-triangolo-1.svg,content[4].url
83bb23d8-f173-4664-8061-5fc4be3be03b,https://theoremz.com/images/2716.svg,https://theoremz.com/images/excentro-di-un-triangolo-2.svg,content[6].url
83bb23d8-f173-4664-8061-5fc4be3be03b,https://theoremz.com/images/2717.svg,https://theoremz.com/images/excentro-di-un-triangolo-3.svg,content[7].url
83bb23d8-f173-4664-8061-5fc4be3be03b,https://theoremz.com/images/pnt1.webp,https://theoremz.com/images/excentro-di-un-triangolo-4.webp,content[11].url
flusso-del-campo-elettrico,https://theoremz.com/images/fca1.webp,https://theoremz.com/images/flusso-del-campo-elettrico-1.webp,content[3].url
flusso-del-campo-elettrico,https://theoremz.com/images/fca2.webp,https://theoremz.com/images/flusso-del-campo-elettrico-2.webp,content[5].url
flusso-del-campo-elettrico,https://theoremz.com/images/fca3.webp,https://theoremz.com/images/flusso-del-campo-elettrico-3.webp,content[7].url
flusso-del-campo-elettrico,https://theoremz.com/images/fca4.webp,https://theoremz.com/images/flusso-del-campo-elettrico-4.webp,content[31].url
flusso-del-campo-elettrico,https://theoremz.com/images/fca5.webp,https://theoremz.com/images/flusso-del-campo-elettrico-5.webp,content[35].url
flusso-del-campo-elettrico,https://theoremz.com/images/fca6.webp,https://theoremz.com/images/flusso-del-campo-elettrico-6.webp,content[78].url
flusso-del-campo-elettrico,https://theoremz.com/images/fca7.webp,https://theoremz.com/images/flusso-del-campo-elettrico-7.webp,content[81].url
flusso-del-campo-elettrico,https://theoremz.com/images/fca8.webp,https://theoremz.com/images/flusso-del-campo-elettrico-8.webp,content[130].url
flusso-del-campo-elettrico,https://theoremz.com/images/fca9.webp,https://theoremz.com/images/flusso-del-campo-elettrico-9.webp,content[132].url
forma-esponenziale-dei-numeri-complessi,https://theoremz.com/images/lim10.webp,https://theoremz.com/images/forma-esponenziale-dei-numeri-complessi-1.webp,content[25].url
forma-esponenziale-dei-numeri-complessi,https://theoremz.com/images/lim11.webp,https://theoremz.com/images/forma-esponenziale-dei-numeri-complessi-2.webp,content[31].url
numeri-complessi-in-forma-trigonometrica,https://theoremz.com/images/ftnc3.webp,https://theoremz.com/images/forma-trigonometrica-dei-numeri-complessi-1.webp,content[6].url
numeri-complessi-in-forma-trigonometrica,https://theoremz.com/images/ftnc4.webp,https://theoremz.com/images/forma-trigonometrica-dei-numeri-complessi-2.webp,content[8].url
numeri-complessi-in-forma-trigonometrica,https://theoremz.com/images/ftnc1.webp,https://theoremz.com/images/forma-trigonometrica-dei-numeri-complessi-3.webp,content[14].url
numeri-complessi-in-forma-trigonometrica,https://theoremz.com/images/ftnc2.webp,https://theoremz.com/images/forma-trigonometrica-dei-numeri-complessi-4.webp,content[16].url
frazioni,https://theoremz.com/images/fr1.webp,https://theoremz.com/images/frazioni-1.webp,content[8].url
frazioni,https://theoremz.com/images/fr2.webp,https://theoremz.com/images/frazioni-2.webp,content[14].url
frazioni,https://theoremz.com/images/fr3.webp,https://theoremz.com/images/frazioni-3.webp,content[19].url
frazioni,https://theoremz.com/images/fr4.webp,https://theoremz.com/images/frazioni-4.webp,content[38].url
frazioni,https://theoremz.com/images/fr15.webp,https://theoremz.com/images/frazioni-5.webp,content[55].url
frazioni,https://theoremz.com/images/fr16.webp,https://theoremz.com/images/frazioni-6.webp,content[59].url
frazioni,https://theoremz.com/images/fr5.webp,https://theoremz.com/images/frazioni-7.webp,content[75].url
frazioni,https://theoremz.com/images/fr6.webp,https://theoremz.com/images/frazioni-8.webp,content[138].url
frazioni,https://theoremz.com/images/fr7.webp,https://theoremz.com/images/frazioni-9.webp,content[142].url
frazioni,https://theoremz.com/images/fr8.webp,https://theoremz.com/images/frazioni-10.webp,content[144].url
frazioni,https://theoremz.com/images/fr9.webp,https://theoremz.com/images/frazioni-11.webp,content[150].url
frazioni,https://theoremz.com/images/fr10.webp,https://theoremz.com/images/frazioni-12.webp,content[187].url
frazioni,https://theoremz.com/images/fr12.webp,https://theoremz.com/images/frazioni-13.webp,content[189].url
frazioni,https://theoremz.com/images/fr11.webp,https://theoremz.com/images/frazioni-14.webp,content[191].url
frazioni,https://theoremz.com/images/fr13.webp,https://theoremz.com/images/frazioni-15.webp,content[193].url
frazioni,https://theoremz.com/images/fr14.webp,https://theoremz.com/images/frazioni-16.webp,content[195].url
drafts.funzione-logaritmica,https://theoremz.com/images/funlog.webp,https://theoremz.com/images/funzione-logaritmica-1.webp,content[11].url
funzioni,https://theoremz.com/images/funzione.webp,https://theoremz.com/images/funzioni-1.webp,content[12].url
funzioni,https://theoremz.com/images/nonfunzione.webp,https://theoremz.com/images/funzioni-2.webp,content[13].url
funzioni,https://theoremz.com/images/classif.webp,https://theoremz.com/images/funzioni-3.webp,content[23].url
funzioni,https://theoremz.com/images/funz1.webp,https://theoremz.com/images/funzioni-4.webp,content[119].url
funzioni,https://theoremz.com/images/funz2.webp,https://theoremz.com/images/funzioni-5.webp,content[122].url
funzioni,https://theoremz.com/images/funz3.webp,https://theoremz.com/images/funzioni-6.webp,content[125].url
funzioni,https://theoremz.com/images/funzionei.webp,https://theoremz.com/images/funzioni-7.webp,content[132].url
funzioni,https://theoremz.com/images/funziones.webp,https://theoremz.com/images/funzioni-8.webp,content[143].url
funzioni,https://theoremz.com/images/funzioneb.webp,https://theoremz.com/images/funzioni-9.webp,content[151].url
funzioni,https://theoremz.com/images/funzioneinversa.webp,https://theoremz.com/images/funzioni-10.webp,content[164].url
funzioni-esponenziali,https://theoremz.com/images/funzioni-esponenziali-1-2.webp,https://theoremz.com/images/funzioni-esponenziali-1.webp,content[26].url
funzioni-esponenziali,https://theoremz.com/images/funzioni-esponenziali-2-2.webp,https://theoremz.com/images/funzioni-esponenziali-2.webp,content[47].url
funzioni-goniometriche,https://theoremz.com/images/fungo1.webp,https://theoremz.com/images/funzioni-goniometriche-1.webp,content[5].url
funzioni-goniometriche,https://theoremz.com/images/fungo2.webp,https://theoremz.com/images/funzioni-goniometriche-2.webp,content[7].url
funzioni-goniometriche,https://theoremz.com/images/2418.svg,https://theoremz.com/images/funzioni-goniometriche-3.svg,content[9].url
funzioni-goniometriche,https://theoremz.com/images/fungo3.webp,https://theoremz.com/images/funzioni-goniometriche-4.webp,content[29].url
funzioni-goniometriche,https://theoremz.com/images/fungo4.webp,https://theoremz.com/images/funzioni-goniometriche-5.webp,content[31].url
funzioni-goniometriche,https://theoremz.com/images/fungo5.webp,https://theoremz.com/images/funzioni-goniometriche-6.webp,content[35].url
funzioni-goniometriche,https://theoremz.com/images/fungo6.webp,https://theoremz.com/images/funzioni-goniometriche-7.webp,content[37].url
funzioni-goniometriche,https://theoremz.com/images/fungo7.webp,https://theoremz.com/images/funzioni-goniometriche-8.webp,content[50].url
funzioni-goniometriche,https://theoremz.com/images/fungo8.webp,https://theoremz.com/images/funzioni-goniometriche-9.webp,content[52].url
funzioni-goniometriche,https://theoremz.com/images/fungo9.webp,https://theoremz.com/images/funzioni-goniometriche-10.webp,content[54].url
funzioni-goniometriche,https://theoremz.com/images/fungo11.webp,https://theoremz.com/images/funzioni-goniometriche-11.webp,content[94].url
funzioni-goniometriche,https://theoremz.com/images/fungo12.webp,https://theoremz.com/images/funzioni-goniometriche-12.webp,content[96].url
funzioni-goniometriche,https://theoremz.com/images/funzione-lazy.svg,https://theoremz.com/images/funzioni-goniometriche-13.svg,content[102].url
funzioni-trigonometriche,https://theoremz.com/images/funtri1.webp,https://theoremz.com/images/funzioni-trigonometriche-1.webp,content[3].url
funzioni-trigonometriche,https://theoremz.com/images/funtri2.webp,https://theoremz.com/images/funzioni-trigonometriche-2.webp,content[5].url
0b5765b5-146f-4df4-8f00-fbb3a5db07e2,https://theoremz.com/images/giroscopio_1.webp,https://theoremz.com/images/giroscopio-1.webp,content[7].url
0b5765b5-146f-4df4-8f00-fbb3a5db07e2,https://theoremz.com/images/giroscopio_2.webp,https://theoremz.com/images/giroscopio-2.webp,content[9].url
0b5765b5-146f-4df4-8f00-fbb3a5db07e2,https://theoremz.com/images/giroscopio_3.webp,https://theoremz.com/images/giroscopio-3.webp,content[12].url
0b5765b5-146f-4df4-8f00-fbb3a5db07e2,https://theoremz.com/images/giroscopio_4.webp,https://theoremz.com/images/giroscopio-4.webp,content[15].url
0b5765b5-146f-4df4-8f00-fbb3a5db07e2,https://theoremz.com/images/giroscopio_5.webp,https://theoremz.com/images/giroscopio-5.webp,content[17].url
0b5765b5-146f-4df4-8f00-fbb3a5db07e2,https://theoremz.com/images/giroscopio_6.webp,https://theoremz.com/images/giroscopio-6.webp,content[22].url
0b5765b5-146f-4df4-8f00-fbb3a5db07e2,https://theoremz.com/images/giroscopio_7.webp,https://theoremz.com/images/giroscopio-7.webp,content[27].url
0b5765b5-146f-4df4-8f00-fbb3a5db07e2,https://theoremz.com/images/giroscopio_8.webp,https://theoremz.com/images/giroscopio-8.webp,content[31].url
0b5765b5-146f-4df4-8f00-fbb3a5db07e2,https://theoremz.com/images/giroscopio_9.webp,https://theoremz.com/images/giroscopio-9.webp,content[35].url
0b5765b5-146f-4df4-8f00-fbb3a5db07e2,https://theoremz.com/images/giroscopio_10.webp,https://theoremz.com/images/giroscopio-10.webp,content[37].url
0b5765b5-146f-4df4-8f00-fbb3a5db07e2,https://theoremz.com/images/giroscopio_11.webp,https://theoremz.com/images/giroscopio-11.webp,content[40].url
0b5765b5-146f-4df4-8f00-fbb3a5db07e2,https://theoremz.com/images/giroscopio_12.webp,https://theoremz.com/images/giroscopio-12.webp,content[43].url
0b5765b5-146f-4df4-8f00-fbb3a5db07e2,https://theoremz.com/images/giroscopio_13.webp,https://theoremz.com/images/giroscopio-13.webp,content[45].url
0b5765b5-146f-4df4-8f00-fbb3a5db07e2,https://theoremz.com/images/giroscopio_14.webp,https://theoremz.com/images/giroscopio-14.webp,content[47].url
0b5765b5-146f-4df4-8f00-fbb3a5db07e2,https://theoremz.com/images/giroscopio_15.webp,https://theoremz.com/images/giroscopio-15.webp,content[49].url
0b5765b5-146f-4df4-8f00-fbb3a5db07e2,https://theoremz.com/images/giroscopio_16.webp,https://theoremz.com/images/giroscopio-16.webp,content[51].url
0b5765b5-146f-4df4-8f00-fbb3a5db07e2,https://theoremz.com/images/giroscopio_17.webp,https://theoremz.com/images/giroscopio-17.webp,content[54].url
0b5765b5-146f-4df4-8f00-fbb3a5db07e2,https://theoremz.com/images/giroscopio_18.webp,https://theoremz.com/images/giroscopio-18.webp,content[69].url
grafico-delle-funzioni-goniometriche,https://theoremz.com/images/2419.svg,https://theoremz.com/images/grafico-delle-funzioni-goniometriche-1.svg,content[6].url
grafico-delle-funzioni-goniometriche,https://theoremz.com/images/gfg1.webp,https://theoremz.com/images/grafico-delle-funzioni-goniometriche-2.webp,content[8].url
grafico-delle-funzioni-goniometriche,https://theoremz.com/images/246.svg,https://theoremz.com/images/grafico-delle-funzioni-goniometriche-3.svg,content[10].url
grafico-delle-funzioni-goniometriche,https://theoremz.com/images/2414.svg,https://theoremz.com/images/grafico-delle-funzioni-goniometriche-4.svg,content[14].url
grafico-delle-funzioni-goniometriche,https://theoremz.com/images/247.svg,https://theoremz.com/images/grafico-delle-funzioni-goniometriche-5.svg,content[16].url
grafico-delle-funzioni-goniometriche,https://theoremz.com/images/2413.svg,https://theoremz.com/images/grafico-delle-funzioni-goniometriche-6.svg,content[18].url
grafico-delle-funzioni-goniometriche,https://theoremz.com/images/248.svg,https://theoremz.com/images/grafico-delle-funzioni-goniometriche-7.svg,content[29].url
grafico-delle-funzioni-goniometriche,https://theoremz.com/images/249.svg,https://theoremz.com/images/grafico-delle-funzioni-goniometriche-8.svg,content[31].url
grafico-delle-funzioni-goniometriche,https://theoremz.com/images/2410.svg,https://theoremz.com/images/grafico-delle-funzioni-goniometriche-9.svg,content[35].url
grafico-delle-funzioni-goniometriche,https://theoremz.com/images/2411.svg,https://theoremz.com/images/grafico-delle-funzioni-goniometriche-10.svg,content[37].url
grafico-delle-funzioni-goniometriche,https://theoremz.com/images/2412.svg,https://theoremz.com/images/grafico-delle-funzioni-goniometriche-11.svg,content[44].url
grafico-delle-funzioni-goniometriche,https://theoremz.com/images/245.svg,https://theoremz.com/images/grafico-delle-funzioni-goniometriche-12.svg,content[48].url
grafico-delle-funzioni-goniometriche,https://theoremz.com/images/gfg2.webp,https://theoremz.com/images/grafico-delle-funzioni-goniometriche-13.webp,content[54].url
grafico-delle-funzioni-goniometriche,https://theoremz.com/images/gfg3.webp,https://theoremz.com/images/grafico-delle-funzioni-goniometriche-14.webp,content[66].url
grafico-delle-funzioni-goniometriche,https://theoremz.com/images/gfg4.webp,https://theoremz.com/images/grafico-delle-funzioni-goniometriche-15.webp,content[76].url
grafico-delle-funzioni-goniometriche,https://theoremz.com/images/grafici_funzione_goniometrica_1.webp,https://theoremz.com/images/grafico-delle-funzioni-goniometriche-16.webp,content[78].url
i-tre-principi-della-dinamica,https://theoremz.com/images/pd1.webp,https://theoremz.com/images/i-tre-principi-della-dinamica-1.webp,content[53].url
cbbe0b2a-5937-4522-92d7-23d4ea21e56f,https://theoremz.com/images/2713.svg,https://theoremz.com/images/incentro-di-un-triangolo-1.svg,content[6].url
cbbe0b2a-5937-4522-92d7-23d4ea21e56f,https://theoremz.com/images/2714.svg,https://theoremz.com/images/incentro-di-un-triangolo-2.svg,content[8].url
cbbe0b2a-5937-4522-92d7-23d4ea21e56f,https://theoremz.com/images/2718.svg,https://theoremz.com/images/incentro-di-un-triangolo-3.svg,content[12].url
insiemi,https://theoremz.com/images/27116.svg,https://theoremz.com/images/insiemi-1.svg,content[68].url
insiemi,https://theoremz.com/images/27117.svg,https://theoremz.com/images/insiemi-2.svg,content[72].url
insiemi,https://theoremz.com/images/ins1.webp,https://theoremz.com/images/insiemi-3.webp,content[81].url
insiemi,https://theoremz.com/images/27119.svg,https://theoremz.com/images/insiemi-4.svg,content[92].url
insiemi-numerici,https://theoremz.com/images/insiemi.webp,https://theoremz.com/images/insiemi-numerici-1.webp,content[77].url
integrali,https://theoremz.com/images/new5.svg,https://theoremz.com/images/integrali-1.svg,content[2].url
integrali,https://theoremz.com/images/new6.svg,https://theoremz.com/images/integrali-2.svg,content[5].url
integrali,https://theoremz.com/images/new7.svg,https://theoremz.com/images/integrali-3.svg,content[9].url
integrali,https://theoremz.com/images/new8.svg,https://theoremz.com/images/integrali-4.svg,content[15].url
integrali,https://theoremz.com/images/new12.svg,https://theoremz.com/images/integrali-5.svg,content[20].url
integrali,https://theoremz.com/images/new9.svg,https://theoremz.com/images/integrali-6.svg,content[24].url
integrali,https://theoremz.com/images/new11.svg,https://theoremz.com/images/integrali-7.svg,content[29].url
integrali,https://theoremz.com/images/inte1.webp,https://theoremz.com/images/integrali-8.webp,content[45].url
integrali,https://theoremz.com/images/new10.svg,https://theoremz.com/images/integrali-9.svg,content[115].url
integrali,https://theoremz.com/images/integrali_2.webp,https://theoremz.com/images/integrali-10.webp,content[119].url
integrali,https://theoremz.com/images/integrali_1.webp,https://theoremz.com/images/integrali-11.webp,content[196].url
iperbole,https://theoremz.com/images/ip1.webp,https://theoremz.com/images/iperbole-1.webp,content[3].url
iperbole,https://theoremz.com/images/ip2.webp,https://theoremz.com/images/iperbole-2.webp,content[24].url
iperbole,https://theoremz.com/images/ip3.webp,https://theoremz.com/images/iperbole-3.webp,content[47].url
iperbole,https://theoremz.com/images/ip4.webp,https://theoremz.com/images/iperbole-4.webp,content[55].url
iperbole,https://theoremz.com/images/ip5.webp,https://theoremz.com/images/iperbole-5.webp,content[57].url
iperbole,https://theoremz.com/images/ip6.webp,https://theoremz.com/images/iperbole-6.webp,content[62].url
iperbole,https://theoremz.com/images/ip7.webp,https://theoremz.com/images/iperbole-7.webp,content[84].url
iperbole,https://theoremz.com/images/ip8.webp,https://theoremz.com/images/iperbole-8.webp,content[85].url
iperbole,https://theoremz.com/images/ip9.webp,https://theoremz.com/images/iperbole-9.webp,content[94].url
iperbole,https://theoremz.com/images/ip10.webp,https://theoremz.com/images/iperbole-10.webp,content[96].url
iperbole,https://theoremz.com/images/ip11.webp,https://theoremz.com/images/iperbole-11.webp,content[132].url
iperbole,https://theoremz.com/images/ip12.webp,https://theoremz.com/images/iperbole-12.webp,content[134].url
iperbole,https://theoremz.com/images/ip13.webp,https://theoremz.com/images/iperbole-13.webp,content[160].url
iperbole,https://theoremz.com/images/ip14.webp,https://theoremz.com/images/iperbole-14.webp,content[169].url
iperbole,https://theoremz.com/images/ip15.webp,https://theoremz.com/images/iperbole-15.webp,content[171].url
iperbole,https://theoremz.com/images/ip16.webp,https://theoremz.com/images/iperbole-16.webp,content[173].url
iperbole,https://theoremz.com/images/ip17.webp,https://theoremz.com/images/iperbole-17.webp,content[251].url
iperbole,https://theoremz.com/images/ip18.webp,https://theoremz.com/images/iperbole-18.webp,content[257].url
iperbole,https://theoremz.com/images/ip19.webp,https://theoremz.com/images/iperbole-19.webp,content[301].url
iperbole,https://theoremz.com/images/ip20.webp,https://theoremz.com/images/iperbole-20.webp,content[304].url
iperbole,https://theoremz.com/images/ip21.webp,https://theoremz.com/images/iperbole-21.webp,content[308].url
iperbole,https://theoremz.com/images/ip22.webp,https://theoremz.com/images/iperbole-22.webp,content[359].url
iperbole,https://theoremz.com/images/ip23.webp,https://theoremz.com/images/iperbole-23.webp,content[361].url
iperbole,https://theoremz.com/images/ip24.webp,https://theoremz.com/images/iperbole-24.webp,content[371].url
iperbole,https://theoremz.com/images/iperbole_15.webp,https://theoremz.com/images/iperbole-25.webp,content[423].url
6f8f3c12-c3da-4b88-b395-e6c79532656b,https://theoremz.com/images/keplero_1.webp,https://theoremz.com/images/leggi-di-keplero-1.webp,content[24].url
6f8f3c12-c3da-4b88-b395-e6c79532656b,https://theoremz.com/images/keplero_2.webp,https://theoremz.com/images/leggi-di-keplero-2.webp,content[26].url
6f8f3c12-c3da-4b88-b395-e6c79532656b,https://theoremz.com/images/keplero_3.webp,https://theoremz.com/images/leggi-di-keplero-3.webp,content[28].url
6f8f3c12-c3da-4b88-b395-e6c79532656b,https://theoremz.com/images/keplero_4.webp,https://theoremz.com/images/leggi-di-keplero-4.webp,content[31].url
6f8f3c12-c3da-4b88-b395-e6c79532656b,https://theoremz.com/images/keplero_5.webp,https://theoremz.com/images/leggi-di-keplero-5.webp,content[41].url
6f8f3c12-c3da-4b88-b395-e6c79532656b,https://theoremz.com/images/keplero_6.webp,https://theoremz.com/images/leggi-di-keplero-6.webp,content[45].url
limite-di-una-funzione,https://theoremz.com/images/lim1.webp,https://theoremz.com/images/limiti-1.webp,content[13].url
limite-di-una-funzione,https://theoremz.com/images/lim2.webp,https://theoremz.com/images/limiti-2.webp,content[17].url
limite-di-una-funzione,https://theoremz.com/images/lim3.webp,https://theoremz.com/images/limiti-3.webp,content[22].url
limite-di-una-funzione,https://theoremz.com/images/lim4.webp,https://theoremz.com/images/limiti-4.webp,content[48].url
limite-di-una-funzione,https://theoremz.com/images/lim5.webp,https://theoremz.com/images/limiti-5.webp,content[81].url
limite-di-una-funzione,https://theoremz.com/images/lim6.webp,https://theoremz.com/images/limiti-6.webp,content[90].url
limite-di-una-funzione,https://theoremz.com/images/lim7.webp,https://theoremz.com/images/limiti-7.webp,content[99].url
limite-di-una-funzione,https://theoremz.com/images/lim8.webp,https://theoremz.com/images/limiti-8.webp,content[108].url
limite-di-una-funzione,https://theoremz.com/images/lim9.webp,https://theoremz.com/images/limiti-9.webp,content[118].url
luogo-geometrico,https://theoremz.com/images/assedelseg.webp,https://theoremz.com/images/luogo-geometrico-1.webp,content[10].url
equazioni-con-valore-assoluto,https://theoremz.com/images/segni.webp,https://theoremz.com/images/moduli-1.webp,content[169].url
equazioni-con-valore-assoluto,https://theoremz.com/images/segni2.webp,https://theoremz.com/images/moduli-2.webp,content[181].url
equazioni-con-valore-assoluto,https://theoremz.com/images/moduli_1.webp,https://theoremz.com/images/moduli-3.webp,content[250].url
momento-angolare,https://theoremz.com/images/ma1.webp,https://theoremz.com/images/momento-angolare-1.webp,content[5].url
momento-angolare,https://theoremz.com/images/ma2.webp,https://theoremz.com/images/momento-angolare-2.webp,content[9].url
momento-angolare,https://theoremz.com/images/ma3.webp,https://theoremz.com/images/momento-angolare-3.webp,content[25].url
momento-delle-forze,https://theoremz.com/images/momento_1.webp,https://theoremz.com/images/momento-delle-forze-1.webp,content[5].url
momento-delle-forze,https://theoremz.com/images/momento_2.webp,https://theoremz.com/images/momento-delle-forze-2.webp,content[7].url
momento-delle-forze,https://theoremz.com/images/momento_3.webp,https://theoremz.com/images/momento-delle-forze-3.webp,content[9].url
momento-delle-forze,https://theoremz.com/images/momento_4.webp,https://theoremz.com/images/momento-delle-forze-4.webp,content[11].url
momento-delle-forze,https://theoremz.com/images/momento_5.webp,https://theoremz.com/images/momento-delle-forze-5.webp,content[27].url
momento-delle-forze,https://theoremz.com/images/momento_6.webp,https://theoremz.com/images/momento-delle-forze-6.webp,content[32].url
momento-delle-forze,https://theoremz.com/images/momento_7.webp,https://theoremz.com/images/momento-delle-forze-7.webp,content[34].url
momento-delle-forze,https://theoremz.com/images/momento_8.webp,https://theoremz.com/images/momento-delle-forze-8.webp,content[51].url
momento-di-inerzia-e-accelerazione-angolare,https://theoremz.com/images/aa1.webp,https://theoremz.com/images/momento-di-inerzia-e-accelerazione-angolare-1.webp,content[10].url
momento-di-inerzia-e-accelerazione-angolare,https://theoremz.com/images/aa2.webp,https://theoremz.com/images/momento-di-inerzia-e-accelerazione-angolare-2.webp,content[18].url
momento-di-inerzia-e-accelerazione-angolare,https://theoremz.com/images/aa3.webp,https://theoremz.com/images/momento-di-inerzia-e-accelerazione-angolare-3.webp,content[55].url
momento-di-inerzia-e-accelerazione-angolare,https://theoremz.com/images/aa4.webp,https://theoremz.com/images/momento-di-inerzia-e-accelerazione-angolare-4.webp,content[63].url
momento-di-inerzia-e-accelerazione-angolare,https://theoremz.com/images/aa5.webp,https://theoremz.com/images/momento-di-inerzia-e-accelerazione-angolare-5.webp,content[88].url
momento-di-inerzia-e-accelerazione-angolare,https://theoremz.com/images/aa6.webp,https://theoremz.com/images/momento-di-inerzia-e-accelerazione-angolare-6.webp,content[89].url
momento-di-inerzia-e-accelerazione-angolare,https://theoremz.com/images/aa7.webp,https://theoremz.com/images/momento-di-inerzia-e-accelerazione-angolare-7.webp,content[90].url
momento-di-inerzia-e-accelerazione-angolare,https://theoremz.com/images/aa8.webp,https://theoremz.com/images/momento-di-inerzia-e-accelerazione-angolare-8.webp,content[91].url
momento-di-inerzia-e-accelerazione-angolare,https://theoremz.com/images/aa9.webp,https://theoremz.com/images/momento-di-inerzia-e-accelerazione-angolare-9.webp,content[92].url
momento-di-inerzia-e-accelerazione-angolare,https://theoremz.com/images/aa10.webp,https://theoremz.com/images/momento-di-inerzia-e-accelerazione-angolare-10.webp,content[93].url
moto-armonico,https://theoremz.com/images/armonico.webp,https://theoremz.com/images/moto-armonico-1.webp,content[4].url
moto-armonico,https://theoremz.com/images/molla.webp,https://theoremz.com/images/moto-armonico-2.webp,content[100].url
moto-armonico,https://theoremz.com/images/pendolo.webp,https://theoremz.com/images/moto-armonico-3.webp,content[129].url
moto-circolare,https://theoremz.com/images/motocirc.webp,https://theoremz.com/images/moto-circolare-1.webp,content[5].url
moto-circolare,https://theoremz.com/images/angoloteta.webp,https://theoremz.com/images/moto-circolare-2.webp,content[34].url
moto-circolare,https://theoremz.com/images/accetntr.webp,https://theoremz.com/images/moto-circolare-3.webp,content[61].url
moto-circolare,https://theoremz.com/images/velang.webp,https://theoremz.com/images/moto-circolare-4.webp,content[65].url
moto-di-caduta-libera,https://theoremz.com/images/cadlib.webp,https://theoremz.com/images/moto-di-caduta-libera-1.webp,content[4].url
moto-di-caduta-libera,https://theoremz.com/images/fasesalita.webp,https://theoremz.com/images/moto-di-caduta-libera-2.webp,content[77].url
moto-parabolico,https://theoremz.com/images/parabolico.webp,https://theoremz.com/images/moto-parabolico-1.webp,content[4].url
moto-parabolico,https://theoremz.com/images/parabolico2.webp,https://theoremz.com/images/moto-parabolico-2.webp,content[9].url
moto-parabolico,https://theoremz.com/images/parabolico3.webp,https://theoremz.com/images/moto-parabolico-3.webp,content[56].url
moto-rettilineo-uniforme,https://theoremz.com/images/mru_1.webp,https://theoremz.com/images/moto-rettilineo-uniforme-1.webp,content[36].url
moto-rettilineo-uniforme,https://theoremz.com/images/mru_2.webp,https://theoremz.com/images/moto-rettilineo-uniforme-2.webp,content[38].url
moto-rettilineo-uniforme,https://theoremz.com/images/mru_3.webp,https://theoremz.com/images/moto-rettilineo-uniforme-3.webp,content[40].url
moto-rettilineo-uniforme,https://theoremz.com/images/mru_4.webp,https://theoremz.com/images/moto-rettilineo-uniforme-4.webp,content[42].url
moto-rettilineo-uniforme,https://theoremz.com/images/motototale.webp,https://theoremz.com/images/moto-rettilineo-uniforme-5.webp,content[65].url
moto-rettilineo-uniformemente-accelerato,https://theoremz.com/images/mrua.webp,https://theoremz.com/images/moto-rettilineo-uniformemente-accelerato-1.webp,content[25].url
moto-su-piano-inclinato,https://theoremz.com/images/pianoincl.webp,https://theoremz.com/images/moto-su-piano-inclinato-1.webp,content[5].url
moto-su-piano-inclinato,https://theoremz.com/images/pianoincl2.webp,https://theoremz.com/images/moto-su-piano-inclinato-2.webp,content[10].url
notazione-scientifica,https://theoremz.com/images/notazione_scientifica_1.webp,https://theoremz.com/images/notazione-scientifica-1.webp,content[9].url
notazione-scientifica,https://theoremz.com/images/notazione_scientifica_2.webp,https://theoremz.com/images/notazione-scientifica-2.webp,content[19].url
c22a1598-f6d5-4018-85a5-07483e2f3d0d,https://theoremz.com/images/27112.svg,https://theoremz.com/images/ortocentro-di-un-triangolo-1.svg,content[6].url
c22a1598-f6d5-4018-85a5-07483e2f3d0d,https://theoremz.com/images/27114.svg,https://theoremz.com/images/ortocentro-di-un-triangolo-2.svg,content[10].url
c22a1598-f6d5-4018-85a5-07483e2f3d0d,https://theoremz.com/images/27113.svg,https://theoremz.com/images/ortocentro-di-un-triangolo-3.svg,content[12].url
c22a1598-f6d5-4018-85a5-07483e2f3d0d,https://theoremz.com/images/2719.svg,https://theoremz.com/images/ortocentro-di-un-triangolo-4.svg,content[14].url
parabole,https://theoremz.com/images/parab1.webp,https://theoremz.com/images/parabola-1.webp,content[6].url
parabole,https://theoremz.com/images/parab2.webp,https://theoremz.com/images/parabola-2.webp,content[9].url
parabole,https://theoremz.com/images/parab3.webp,https://theoremz.com/images/parabola-3.webp,content[27].url
parabole,https://theoremz.com/images/parab4.webp,https://theoremz.com/images/parabola-4.webp,content[60].url
parabole,https://theoremz.com/images/parabo1.webp,https://theoremz.com/images/parabola-5.webp,content[74].url
parabole,https://theoremz.com/images/parab02.webp,https://theoremz.com/images/parabola-6.webp,content[148].url
parabole,https://theoremz.com/images/parab03.webp,https://theoremz.com/images/parabola-7.webp,content[194].url
parabole,https://theoremz.com/images/parab5.webp,https://theoremz.com/images/parabola-8.webp,content[249].url
4ba78022-2593-4038-9e2b-780b63868b09,https://theoremz.com/images/so2.svg,https://theoremz.com/images/parallelepipedo-1.svg,content[0].url
parallelogramma,https://theoremz.com/images/rom1.webp,https://theoremz.com/images/parallelogramma-1.webp,content[5].url
parallelogramma,https://theoremz.com/images/rom2.webp,https://theoremz.com/images/parallelogramma-2.webp,content[7].url
parallelogramma,https://theoremz.com/images/rom3.webp,https://theoremz.com/images/parallelogramma-3.webp,content[9].url
parallelogramma,https://theoremz.com/images/rom4.webp,https://theoremz.com/images/parallelogramma-4.webp,content[21].url
parallelogramma,https://theoremz.com/images/rom5.webp,https://theoremz.com/images/parallelogramma-5.webp,content[23].url
parallelogramma,https://theoremz.com/images/rom6.webp,https://theoremz.com/images/parallelogramma-6.webp,content[31].url
piani-nello-spazio,https://theoremz.com/images/pi1.webp,https://theoremz.com/images/piani-nello-spazio-1.webp,content[7].url
piani-nello-spazio,https://theoremz.com/images/pi2.webp,https://theoremz.com/images/piani-nello-spazio-2.webp,content[13].url
piani-nello-spazio,https://theoremz.com/images/pi3.webp,https://theoremz.com/images/piani-nello-spazio-3.webp,content[17].url
piani-nello-spazio,https://theoremz.com/images/pi4.webp,https://theoremz.com/images/piani-nello-spazio-4.webp,content[35].url
piani-nello-spazio,https://theoremz.com/images/pi5.webp,https://theoremz.com/images/piani-nello-spazio-5.webp,content[120].url
piani-nello-spazio,https://theoremz.com/images/pi6.webp,https://theoremz.com/images/piani-nello-spazio-6.webp,content[124].url
piani-nello-spazio,https://theoremz.com/images/pi7.webp,https://theoremz.com/images/piani-nello-spazio-7.webp,content[126].url
piani-nello-spazio,https://theoremz.com/images/pi8.webp,https://theoremz.com/images/piani-nello-spazio-8.webp,content[138].url
piani-nello-spazio,https://theoremz.com/images/pi9.webp,https://theoremz.com/images/piani-nello-spazio-9.webp,content[146].url
piani-nello-spazio,https://theoremz.com/images/pi10.webp,https://theoremz.com/images/piani-nello-spazio-10.webp,content[170].url
piani-nello-spazio,https://theoremz.com/images/pns1.webp,https://theoremz.com/images/piani-nello-spazio-11.webp,content[203].url
piani-nello-spazio,https://theoremz.com/images/pns2.webp,https://theoremz.com/images/piani-nello-spazio-12.webp,content[207].url
piano-cartesiano,https://theoremz.com/images/distanza.webp,https://theoremz.com/images/piano-cartesiano-1.webp,content[32].url
35f3735d-e694-47a9-831a-d2b73c6fe4a3,https://theoremz.com/images/so6.svg,https://theoremz.com/images/piramide-retta-1.svg,content[2].url
35f3735d-e694-47a9-831a-d2b73c6fe4a3,https://theoremz.com/images/so4.svg,https://theoremz.com/images/piramide-retta-2.svg,content[4].url
35f3735d-e694-47a9-831a-d2b73c6fe4a3,https://theoremz.com/images/so5.webp,https://theoremz.com/images/piramide-retta-3.webp,content[9].url
poliedri,https://theoremz.com/images/p2.svg,https://theoremz.com/images/poliedri-1.svg,content[6].url
poliedri,https://theoremz.com/images/so10.svg,https://theoremz.com/images/poliedri-2.svg,content[8].url
poliedri,https://theoremz.com/images/p3.svg,https://theoremz.com/images/poliedri-3.svg,content[10].url
poliedri,https://theoremz.com/images/p4.svg,https://theoremz.com/images/poliedri-4.svg,content[22].url
poliedri,https://theoremz.com/images/p5.svg,https://theoremz.com/images/poliedri-5.svg,content[50].url
poliedri,https://theoremz.com/images/so8.webp,https://theoremz.com/images/poliedri-6.webp,content[54].url
poliedri,https://theoremz.com/images/p7.svg,https://theoremz.com/images/poliedri-7.svg,content[56].url
poliedri,https://theoremz.com/images/p8.svg,https://theoremz.com/images/poliedri-8.svg,content[58].url
poliedri,https://theoremz.com/images/polied1.webp,https://theoremz.com/images/poliedri-9.webp,content[69].url
poliedri,https://theoremz.com/images/polied2.webp,https://theoremz.com/images/poliedri-10.webp,content[82].url
0c6cee27-1aae-4d70-984e-3fc81744a0bb,https://theoremz.com/images/so3.svg,https://theoremz.com/images/prisma-retto-1.svg,content[2].url
propriet-delle-operazioni,https://theoremz.com/images/pop1.webp,https://theoremz.com/images/proprieta-delle-operazioni-1.webp,content[97].url
radice-quadrata,https://theoremz.com/images/rad1.webp,https://theoremz.com/images/radice-quadrata-1.webp,content[34].url
radice-quadrata,https://theoremz.com/images/rad2.webp,https://theoremz.com/images/radice-quadrata-2.webp,content[36].url
radice-quadrata,https://theoremz.com/images/rad3.webp,https://theoremz.com/images/radice-quadrata-3.webp,content[38].url
radice-quadrata,https://theoremz.com/images/rad4.webp,https://theoremz.com/images/radice-quadrata-4.webp,content[42].url
radice-quadrata,https://theoremz.com/images/rad5.webp,https://theoremz.com/images/radice-quadrata-5.webp,content[44].url
radice-quadrata,https://theoremz.com/images/rad6.webp,https://theoremz.com/images/radice-quadrata-6.webp,content[52].url
radice-quadrata,https://theoremz.com/images/rad7.webp,https://theoremz.com/images/radice-quadrata-7.webp,content[54].url
radice-quadrata,https://theoremz.com/images/rad8.webp,https://theoremz.com/images/radice-quadrata-8.webp,content[56].url
radice-quadrata,https://theoremz.com/images/rad9.webp,https://theoremz.com/images/radice-quadrata-9.webp,content[58].url
radice-quadrata,https://theoremz.com/images/rad10.webp,https://theoremz.com/images/radice-quadrata-10.webp,content[66].url
radice-quadrata,https://theoremz.com/images/rad11.webp,https://theoremz.com/images/radice-quadrata-11.webp,content[68].url
radice-quadrata,https://theoremz.com/images/rad12.webp,https://theoremz.com/images/radice-quadrata-12.webp,content[70].url
radice-quadrata,https://theoremz.com/images/rad13.webp,https://theoremz.com/images/radice-quadrata-13.webp,content[72].url
radice-quadrata,https://theoremz.com/images/rad14.webp,https://theoremz.com/images/radice-quadrata-14.webp,content[74].url
radice-quadrata,https://theoremz.com/images/rad15.webp,https://theoremz.com/images/radice-quadrata-15.webp,content[76].url
radice-quadrata,https://theoremz.com/images/rad16.webp,https://theoremz.com/images/radice-quadrata-16.webp,content[80].url
radice-quadrata,https://theoremz.com/images/rad17.webp,https://theoremz.com/images/radice-quadrata-17.webp,content[84].url
radice-quadrata,https://theoremz.com/images/rad18.webp,https://theoremz.com/images/radice-quadrata-18.webp,content[86].url
radice-quadrata,https://theoremz.com/images/rad19.webp,https://theoremz.com/images/radice-quadrata-19.webp,content[90].url
radice-quadrata,https://theoremz.com/images/rad20.webp,https://theoremz.com/images/radice-quadrata-20.webp,content[92].url
la-regola-di-ruffini,https://theoremz.com/images/ruffini2.webp,https://theoremz.com/images/regola-di-ruffini-1.webp,content[46].url
la-regola-di-ruffini,https://theoremz.com/images/ruffini1.webp,https://theoremz.com/images/regola-di-ruffini-2.webp,content[52].url
la-regola-di-ruffini,https://theoremz.com/images/ruffini.webp,https://theoremz.com/images/regola-di-ruffini-3.webp,content[56].url
retta-e-piano-uniformemente-carichi,https://theoremz.com/images/rpc1.webp,https://theoremz.com/images/retta-e-piano-uniformemente-carichi-1.webp,content[3].url
retta-e-piano-uniformemente-carichi,https://theoremz.com/images/rpc2.webp,https://theoremz.com/images/retta-e-piano-uniformemente-carichi-2.webp,content[5].url
retta-e-piano-uniformemente-carichi,https://theoremz.com/images/rpc3.webp,https://theoremz.com/images/retta-e-piano-uniformemente-carichi-3.webp,content[11].url
retta-e-piano-uniformemente-carichi,https://theoremz.com/images/rpc4.webp,https://theoremz.com/images/retta-e-piano-uniformemente-carichi-4.webp,content[13].url
retta-e-piano-uniformemente-carichi,https://theoremz.com/images/rpc5.webp,https://theoremz.com/images/retta-e-piano-uniformemente-carichi-5.webp,content[19].url
retta-e-piano-uniformemente-carichi,https://theoremz.com/images/rpc6.webp,https://theoremz.com/images/retta-e-piano-uniformemente-carichi-6.webp,content[22].url
retta-e-piano-uniformemente-carichi,https://theoremz.com/images/rpc7.webp,https://theoremz.com/images/retta-e-piano-uniformemente-carichi-7.webp,content[26].url
retta-e-piano-uniformemente-carichi,https://theoremz.com/images/rpc8.webp,https://theoremz.com/images/retta-e-piano-uniformemente-carichi-8.webp,content[28].url
retta-e-piano-uniformemente-carichi,https://theoremz.com/images/rpc9.webp,https://theoremz.com/images/retta-e-piano-uniformemente-carichi-9.webp,content[32].url
retta-e-piano-uniformemente-carichi,https://theoremz.com/images/rpc10.webp,https://theoremz.com/images/retta-e-piano-uniformemente-carichi-10.webp,content[46].url
retta-e-piano-uniformemente-carichi,https://theoremz.com/images/rpc11.webp,https://theoremz.com/images/retta-e-piano-uniformemente-carichi-11.webp,content[48].url
retta-e-piano-uniformemente-carichi,https://theoremz.com/images/rpc12.webp,https://theoremz.com/images/retta-e-piano-uniformemente-carichi-12.webp,content[93].url
retta-e-piano-uniformemente-carichi,https://theoremz.com/images/rpc13.webp,https://theoremz.com/images/retta-e-piano-uniformemente-carichi-13.webp,content[95].url
retta-e-piano-uniformemente-carichi,https://theoremz.com/images/rpc14.webp,https://theoremz.com/images/retta-e-piano-uniformemente-carichi-14.webp,content[99].url
retta-e-piano-uniformemente-carichi,https://theoremz.com/images/rpc15.webp,https://theoremz.com/images/retta-e-piano-uniformemente-carichi-15.webp,content[103].url
retta-e-piano-uniformemente-carichi,https://theoremz.com/images/rpc16.webp,https://theoremz.com/images/retta-e-piano-uniformemente-carichi-16.webp,content[104].url
retta-e-piano-uniformemente-carichi,https://theoremz.com/images/rpc17.webp,https://theoremz.com/images/retta-e-piano-uniformemente-carichi-17.webp,content[106].url
retta-e-piano-uniformemente-carichi,https://theoremz.com/images/rpc18.webp,https://theoremz.com/images/retta-e-piano-uniformemente-carichi-18.webp,content[108].url
retta-e-piano-uniformemente-carichi,https://theoremz.com/images/rpc19.webp,https://theoremz.com/images/retta-e-piano-uniformemente-carichi-19.webp,content[112].url
retta-e-piano-uniformemente-carichi,https://theoremz.com/images/rpc20.webp,https://theoremz.com/images/retta-e-piano-uniformemente-carichi-20.webp,content[114].url
retta-e-piano-uniformemente-carichi,https://theoremz.com/images/rpc21.webp,https://theoremz.com/images/retta-e-piano-uniformemente-carichi-21.webp,content[115].url
retta-e-piano-uniformemente-carichi,https://theoremz.com/images/rpc22.webp,https://theoremz.com/images/retta-e-piano-uniformemente-carichi-22.webp,content[117].url
retta-e-piano-uniformemente-carichi,https://theoremz.com/images/rpc23.webp,https://theoremz.com/images/retta-e-piano-uniformemente-carichi-23.webp,content[124].url
retta-e-piano-uniformemente-carichi,https://theoremz.com/images/rpc24.webp,https://theoremz.com/images/retta-e-piano-uniformemente-carichi-24.webp,content[126].url
retta-e-piano-uniformemente-carichi,https://theoremz.com/images/rpc25.webp,https://theoremz.com/images/retta-e-piano-uniformemente-carichi-25.webp,content[136].url
retta-e-piano-uniformemente-carichi,https://theoremz.com/images/rpc26.webp,https://theoremz.com/images/retta-e-piano-uniformemente-carichi-26.webp,content[167].url
retta-e-piano-uniformemente-carichi,https://theoremz.com/images/rpc27.webp,https://theoremz.com/images/retta-e-piano-uniformemente-carichi-27.webp,content[168].url
rette,https://theoremz.com/images/parallelax.webp,https://theoremz.com/images/rette-1.webp,content[13].url
rette,https://theoremz.com/images/parallelay.webp,https://theoremz.com/images/rette-2.webp,content[26].url
rette,https://theoremz.com/images/pcentro.webp,https://theoremz.com/images/rette-3.webp,content[33].url
rette,https://theoremz.com/images/tabella.webp,https://theoremz.com/images/rette-4.webp,content[41].url
rette,https://theoremz.com/images/ret1.webp,https://theoremz.com/images/rette-5.webp,content[43].url
rette,https://theoremz.com/images/ret2.webp,https://theoremz.com/images/rette-6.webp,content[53].url
rette,https://theoremz.com/images/generica.webp,https://theoremz.com/images/rette-7.webp,content[61].url
rette,https://theoremz.com/images/2punti.webp,https://theoremz.com/images/rette-8.webp,content[124].url
rette-nello-spazio,https://theoremz.com/images/rp1.svg,https://theoremz.com/images/rette-nello-spazio-1.svg,content[32].url
rette-nello-spazio,https://theoremz.com/images/rp2.svg,https://theoremz.com/images/rette-nello-spazio-2.svg,content[34].url
rette-nello-spazio,https://theoremz.com/images/rp3.svg,https://theoremz.com/images/rette-nello-spazio-3.svg,content[36].url
rette-nello-spazio,https://theoremz.com/images/rp4.svg,https://theoremz.com/images/rette-nello-spazio-4.svg,content[40].url
rette-nello-spazio,https://theoremz.com/images/respa1.webp,https://theoremz.com/images/rette-nello-spazio-5.webp,content[230].url
rette-nello-spazio,https://theoremz.com/images/respa2.webp,https://theoremz.com/images/rette-nello-spazio-6.webp,content[236].url
rette-nello-spazio,https://theoremz.com/images/respa3.webp,https://theoremz.com/images/rette-nello-spazio-7.webp,content[293].url
rette-nello-spazio,https://theoremz.com/images/respa8.webp,https://theoremz.com/images/rette-nello-spazio-8.webp,content[350].url
rette-tagliate-da-una-trasversale,https://theoremz.com/images/p1.webp,https://theoremz.com/images/rette-tagliate-da-una-trasversale-1.webp,content[2].url
rette-tagliate-da-una-trasversale,https://theoremz.com/images/p2.webp,https://theoremz.com/images/rette-tagliate-da-una-trasversale-2.webp,content[8].url
rette-tagliate-da-una-trasversale,https://theoremz.com/images/p3.webp,https://theoremz.com/images/rette-tagliate-da-una-trasversale-3.webp,content[10].url
rette-tagliate-da-una-trasversale,https://theoremz.com/images/p4.webp,https://theoremz.com/images/rette-tagliate-da-una-trasversale-4.webp,content[12].url
rette-tagliate-da-una-trasversale,https://theoremz.com/images/p5.webp,https://theoremz.com/images/rette-tagliate-da-una-trasversale-5.webp,content[14].url
rette-tagliate-da-una-trasversale,https://theoremz.com/images/p6.webp,https://theoremz.com/images/rette-tagliate-da-una-trasversale-6.webp,content[16].url
riflessione-e-rifrazione,https://theoremz.com/images/rieri1.webp,https://theoremz.com/images/riflessione-e-rifrazione-1.webp,content[3].url
riflessione-e-rifrazione,https://theoremz.com/images/rieri2.webp,https://theoremz.com/images/riflessione-e-rifrazione-2.webp,content[9].url
riflessione-e-rifrazione,https://theoremz.com/images/rieri3.webp,https://theoremz.com/images/riflessione-e-rifrazione-3.webp,content[11].url
riflessione-e-rifrazione,https://theoremz.com/images/rieri4.webp,https://theoremz.com/images/riflessione-e-rifrazione-4.webp,content[14].url
riflessione-e-rifrazione,https://theoremz.com/images/rieri5.webp,https://theoremz.com/images/riflessione-e-rifrazione-5.webp,content[16].url
riflessione-e-rifrazione,https://theoremz.com/images/rieri6.webp,https://theoremz.com/images/riflessione-e-rifrazione-6.webp,content[18].url
riflessione-e-rifrazione,https://theoremz.com/images/rieri12.webp,https://theoremz.com/images/riflessione-e-rifrazione-7.webp,content[43].url
riflessione-e-rifrazione,https://theoremz.com/images/rieri13.webp,https://theoremz.com/images/riflessione-e-rifrazione-8.webp,content[47].url
riflessione-e-rifrazione,https://theoremz.com/images/rieri7.webp,https://theoremz.com/images/riflessione-e-rifrazione-9.webp,content[49].url
riflessione-e-rifrazione,https://theoremz.com/images/rieri8.webp,https://theoremz.com/images/riflessione-e-rifrazione-10.webp,content[83].url
riflessione-e-rifrazione,https://theoremz.com/images/rieri9.webp,https://theoremz.com/images/riflessione-e-rifrazione-11.webp,content[85].url
riflessione-e-rifrazione,https://theoremz.com/images/rieri10.webp,https://theoremz.com/images/riflessione-e-rifrazione-12.webp,content[103].url
riflessione-e-rifrazione,https://theoremz.com/images/rieri11.webp,https://theoremz.com/images/riflessione-e-rifrazione-13.webp,content[105].url
rombo,https://theoremz.com/images/ro1.webp,https://theoremz.com/images/rombo-1.webp,content[4].url
rombo,https://theoremz.com/images/ro2.webp,https://theoremz.com/images/rombo-2.webp,content[9].url
rombo,https://theoremz.com/images/ro3.webp,https://theoremz.com/images/rombo-3.webp,content[11].url
rombo,https://theoremz.com/images/ro4.webp,https://theoremz.com/images/rombo-4.webp,content[13].url
rombo,https://theoremz.com/images/ro5.webp,https://theoremz.com/images/rombo-5.webp,content[33].url
rombo,https://theoremz.com/images/ro6.webp,https://theoremz.com/images/rombo-6.webp,content[35].url
rombo,https://theoremz.com/images/ro7.webp,https://theoremz.com/images/rombo-7.webp,content[37].url
rombo,https://theoremz.com/images/ro8.webp,https://theoremz.com/images/rombo-8.webp,content[64].url
rombo,https://theoremz.com/images/ro9.webp,https://theoremz.com/images/rombo-9.webp,content[66].url
scomposizione-in-fattori-primi,https://theoremz.com/images/sco1.webp,https://theoremz.com/images/scomposizione-in-fattori-primi-1.webp,content[33].url
scomposizione-in-fattori-primi,https://theoremz.com/images/sco2.webp,https://theoremz.com/images/scomposizione-in-fattori-primi-2.webp,content[38].url
scomposizione-in-fattori-primi,https://theoremz.com/images/sco3.webp,https://theoremz.com/images/scomposizione-in-fattori-primi-3.webp,content[43].url
scomposizione-in-fattori-primi,https://theoremz.com/images/sco4.webp,https://theoremz.com/images/scomposizione-in-fattori-primi-4.webp,content[46].url
scomposizione-in-fattori-primi,https://theoremz.com/images/sco5.webp,https://theoremz.com/images/scomposizione-in-fattori-primi-5.webp,content[48].url
scomposizione-in-fattori-primi,https://theoremz.com/images/sco6.webp,https://theoremz.com/images/scomposizione-in-fattori-primi-6.webp,content[51].url
serie,https://theoremz.com/images/40.svg,https://theoremz.com/images/serie-1.svg,content[59].url
sfere-uniformemente-cariche,https://theoremz.com/images/suc1.webp,https://theoremz.com/images/sfere-uniformemente-cariche-1.webp,content[3].url
sfere-uniformemente-cariche,https://theoremz.com/images/suc2.webp,https://theoremz.com/images/sfere-uniformemente-cariche-2.webp,content[7].url
sfere-uniformemente-cariche,https://theoremz.com/images/suc3.webp,https://theoremz.com/images/sfere-uniformemente-cariche-3.webp,content[13].url
sfere-uniformemente-cariche,https://theoremz.com/images/suc4.webp,https://theoremz.com/images/sfere-uniformemente-cariche-4.webp,content[57].url
sfere-uniformemente-cariche,https://theoremz.com/images/suc5.webp,https://theoremz.com/images/sfere-uniformemente-cariche-5.webp,content[75].url
sfere-uniformemente-cariche,https://theoremz.com/images/sfeca_1.webp,https://theoremz.com/images/sfere-uniformemente-cariche-6.webp,content[127].url
sfere-uniformemente-cariche,https://theoremz.com/images/suc7.webp,https://theoremz.com/images/sfere-uniformemente-cariche-7.webp,content[142].url
sfere-uniformemente-cariche,https://theoremz.com/images/suc8.webp,https://theoremz.com/images/sfere-uniformemente-cariche-8.webp,content[166].url
studio-di-funzione,https://theoremz.com/images/stuf1.webp,https://theoremz.com/images/studio-di-funzione-1.webp,content[61].url
studio-di-funzione,https://theoremz.com/images/sf2.webp,https://theoremz.com/images/studio-di-funzione-2.webp,content[63].url
studio-di-funzione,https://theoremz.com/images/new21.svg,https://theoremz.com/images/studio-di-funzione-3.svg,content[84].url
studio-di-funzione,https://theoremz.com/images/sdf_1.webp,https://theoremz.com/images/studio-di-funzione-4.webp,content[92].url
studio-di-funzione,https://theoremz.com/images/sf3.webp,https://theoremz.com/images/studio-di-funzione-5.webp,content[110].url
studio-di-funzione,https://theoremz.com/images/sf4.webp,https://theoremz.com/images/studio-di-funzione-6.webp,content[111].url
studio-di-funzione,https://theoremz.com/images/sf5.webp,https://theoremz.com/images/studio-di-funzione-7.webp,content[112].url
studio-di-funzione,https://theoremz.com/images/sf6.webp,https://theoremz.com/images/studio-di-funzione-8.webp,content[150].url
studio-di-funzione,https://theoremz.com/images/new17.svg,https://theoremz.com/images/studio-di-funzione-9.svg,content[151].url
studio-di-funzione,https://theoremz.com/images/stuf3.webp,https://theoremz.com/images/studio-di-funzione-10.webp,content[164].url
studio-di-funzione,https://theoremz.com/images/stuf4.webp,https://theoremz.com/images/studio-di-funzione-11.webp,content[165].url
studio-di-funzione,https://theoremz.com/images/new19.svg,https://theoremz.com/images/studio-di-funzione-12.svg,content[172].url
studio-di-funzione,https://theoremz.com/images/new18.svg,https://theoremz.com/images/studio-di-funzione-13.svg,content[174].url
studio-di-funzione,https://theoremz.com/images/new20.svg,https://theoremz.com/images/studio-di-funzione-14.svg,content[176].url
studio-di-funzione,https://theoremz.com/images/sdf_2.webp,https://theoremz.com/images/studio-di-funzione-15.webp,content[193].url
studio-di-funzione,https://theoremz.com/images/sdf_3.webp,https://theoremz.com/images/studio-di-funzione-16.webp,content[239].url
studio-di-funzione,https://theoremz.com/images/sdf_4.webp,https://theoremz.com/images/studio-di-funzione-17.webp,content[243].url
superficie-e-volume-dei-solidi,https://theoremz.com/images/so7.svg,https://theoremz.com/images/superfici-e-volume-dei-solidi-1.svg,content[99].url
superficie-e-volume-dei-solidi,https://theoremz.com/images/so8.svg,https://theoremz.com/images/superfici-e-volume-dei-solidi-2.svg,content[110].url
superficie-e-volume-dei-solidi,https://theoremz.com/images/so9.svg,https://theoremz.com/images/superfici-e-volume-dei-solidi-3.svg,content[116].url
tavola-periodica,https://theoremz.com/images/tavolaperiodica.webp,https://theoremz.com/images/tavola-periodica-1.webp,content[4].url
temperatura,https://theoremz.com/images/temperatura_1.webp,https://theoremz.com/images/temperatura-1.webp,content[45].url
teorema-del-seno-e-teorema-del-coseno,https://theoremz.com/images/sen1.webp,https://theoremz.com/images/teorema-del-seno-e-teorema-del-coseno-1.webp,content[3].url
teorema-del-seno-e-teorema-del-coseno,https://theoremz.com/images/sen2.webp,https://theoremz.com/images/teorema-del-seno-e-teorema-del-coseno-2.webp,content[7].url
teorema-del-seno-e-teorema-del-coseno,https://theoremz.com/images/sen3.webp,https://theoremz.com/images/teorema-del-seno-e-teorema-del-coseno-3.webp,content[70].url
teorema-del-seno-e-teorema-del-coseno,https://theoremz.com/images/sen4.webp,https://theoremz.com/images/teorema-del-seno-e-teorema-del-coseno-4.webp,content[74].url
teorema-di-lagrange,https://theoremz.com/images/tean2.webp,https://theoremz.com/images/teorema-di-lagrange-1.webp,content[10].url
teorema-di-pitagora-e-i-due-teoremi-di-euclide,https://theoremz.com/images/rettangolo.webp,https://theoremz.com/images/teorema-di-pitagora-e-di-euclide-1.webp,content[3].url
teorema-di-pitagora-e-i-due-teoremi-di-euclide,https://theoremz.com/images/pit2.webp,https://theoremz.com/images/teorema-di-pitagora-e-di-euclide-2.webp,content[76].url
teorema-di-pitagora-e-i-due-teoremi-di-euclide,https://theoremz.com/images/pit3.webp,https://theoremz.com/images/teorema-di-pitagora-e-di-euclide-3.webp,content[80].url
teorema-di-rolle,https://theoremz.com/images/tean1.webp,https://theoremz.com/images/teorema-di-rolle-1.webp,content[7].url
teorema-di-rolle,https://theoremz.com/images/tean3.webp,https://theoremz.com/images/teorema-di-rolle-2.webp,content[10].url
teorema-di-talete,https://theoremz.com/images/taletegraph.webp,https://theoremz.com/images/teorema-di-talete-1.webp,content[7].url
teoremi-e-assiomi,https://theoremz.com/images/assioma2.webp,https://theoremz.com/images/teoremi-e-assiomi-1.webp,content[12].url
teoremi-e-assiomi,https://theoremz.com/images/assioma3.webp,https://theoremz.com/images/teoremi-e-assiomi-2.webp,content[14].url
teoremi-e-assiomi,https://theoremz.com/images/assioma4.webp,https://theoremz.com/images/teoremi-e-assiomi-3.webp,content[16].url
teoremi-e-assiomi,https://theoremz.com/images/assioma5.webp,https://theoremz.com/images/teoremi-e-assiomi-4.webp,content[18].url
teoremi-e-assiomi,https://theoremz.com/images/assioma6.webp,https://theoremz.com/images/teoremi-e-assiomi-5.webp,content[21].url
trapezio,https://theoremz.com/images/t1.webp,https://theoremz.com/images/trapezio-1.webp,content[4].url
trapezio,https://theoremz.com/images/t5.webp,https://theoremz.com/images/trapezio-2.webp,content[8].url
trapezio,https://theoremz.com/images/t6.webp,https://theoremz.com/images/trapezio-3.webp,content[10].url
trapezio,https://theoremz.com/images/t4.webp,https://theoremz.com/images/trapezio-4.webp,content[24].url
trapezio,https://theoremz.com/images/tra1.webp,https://theoremz.com/images/trapezio-5.webp,content[31].url
trapezio,https://theoremz.com/images/t2.webp,https://theoremz.com/images/trapezio-6.webp,content[33].url
trapezio,https://theoremz.com/images/t3.webp,https://theoremz.com/images/trapezio-7.webp,content[35].url
trasformazioni-termodinamiche,https://theoremz.com/images/trte1.webp,https://theoremz.com/images/trasformazioni-termodinamiche-1.webp,content[34].url
trasformazioni-termodinamiche,https://theoremz.com/images/trte3.webp,https://theoremz.com/images/trasformazioni-termodinamiche-2.webp,content[59].url
trasformazioni-termodinamiche,https://theoremz.com/images/trte5.webp,https://theoremz.com/images/trasformazioni-termodinamiche-3.webp,content[79].url
trasformazioni-termodinamiche,https://theoremz.com/images/trte2.webp,https://theoremz.com/images/trasformazioni-termodinamiche-4.webp,content[93].url
trasformazioni-termodinamiche,https://theoremz.com/images/trte4.webp,https://theoremz.com/images/trasformazioni-termodinamiche-5.webp,content[95].url
trasformazioni-termodinamiche,https://theoremz.com/images/trte6.webp,https://theoremz.com/images/trasformazioni-termodinamiche-6.webp,content[109].url
triangoli-particolari,https://theoremz.com/images/isoscele.webp,https://theoremz.com/images/triangoli-particolari-1.webp,content[31].url
triangoli-particolari,https://theoremz.com/images/isoscele2.webp,https://theoremz.com/images/triangoli-particolari-2.webp,content[37].url
triangoli-particolari,https://theoremz.com/images/equilatero.webp,https://theoremz.com/images/triangoli-particolari-3.webp,content[48].url
triangoli-particolari,https://theoremz.com/images/equilatero2.webp,https://theoremz.com/images/triangoli-particolari-4.webp,content[53].url
triangoli-particolari,https://theoremz.com/images/4545.webp,https://theoremz.com/images/triangoli-particolari-5.webp,content[92].url
triangoli-particolari,https://theoremz.com/images/3060.webp,https://theoremz.com/images/triangoli-particolari-6.webp,content[108].url
drafts.triangoli-simili,https://theoremz.com/images/trisi1.webp,https://theoremz.com/images/triangoli-simili-1.webp,content[4].url
drafts.triangoli-simili,https://theoremz.com/images/trisi2.webp,https://theoremz.com/images/triangoli-simili-2.webp,content[6].url
drafts.triangoli-simili,https://theoremz.com/images/trisi3.webp,https://theoremz.com/images/triangoli-simili-3.webp,content[8].url
drafts.triangoli-simili,https://theoremz.com/images/trisi4.webp,https://theoremz.com/images/triangoli-simili-4.webp,content[10].url